aminoAcid,abbreviation,hydrophobicity,volume,chemical,physicochemical,charge,1ity,hydrogenDonor
Alanine,A,1.8,88.6,aliphatic,aliphatic,0,0,N
Arginine,R,-4.5,173.4,basic,basic,1,1,D
Asparagine,N,-3.5,114.1,amide,amide,0,1,B
Aspartic acid,D,-3.5,111.1,acidic,acidic,-1,1,A
Cysteine,C,2.5,108.5,sulfur,sulfur,0,0,N
Glutamine,Q,-3.5,143.8,amide,amide,0,1,B
Glutamic acid,E,-3.5,138.4,acidic,acidic,-1,1,A
Glycine,G,-0.4,60.1,aliphatic,G,0,0,N
Histidine,H,-3.2,153.2,basic,basic,1,1,B
Isoleucine,I,4.5,166.7,aliphatic,aliphatic,0,0,N
Leucine,L,3.8,166.7,aliphatic,aliphatic,0,0,N
Lysine,K,-3.9,168.6,basic,basic,1,1,D
Methionine,M,1.9,162.9,sulfur,sulfur,0,0,N
Phenylalanine,F,2.8,189.9,aromatic,F,0,0,N
Proline,P,-1.6,112.7,aliphatic,P,0,0,N
Serine,S,-0.8,89,hydroxyl,hydroxyl,0,1,B
Threonine,T,-0.7,116.1,hydroxyl,hydroxyl,0,1,B
Tryptophan,W,-0.9,227.8,aromatic,W,0,0,D
Tyrosine,Y,-1.3,193.6,aromatic,Y,0,1,B
Valine,V,4.2,140,aliphatic,aliphatic,0,0,N
